<?xml version="1.0" encoding="UTF-8"?>
<module>
  <title>Число Пи</title>
  <config>
    <master_objective>score</master_objective>
    <master_rate>50</master_rate>
  </config>
  <meta>
    <OBJECT_TYPE>1</OBJECT_TYPE>
    <OBJECT_ID>3197</OBJECT_ID>
    <AUTHOR>Администратор</AUTHOR>
    <VERSION>1.0 от  16.10.2017</VERSION>
  </meta>
  <section id="BBT-1-3197" type="singleton">
    <title>Число Пи</title>
    <content id="BBT-1-3197" objective_id="BBT.1.3197" type="test">
      <title>Число Пи</title>
      <config>
        <skip_questions>1</skip_questions>
        <size_limit></size_limit>
        <hints>0</hints>
        <shuffle>1</shuffle>
        <add_to_global_score>1</add_to_global_score>
        <master_rate>50</master_rate>
        <attempts>1</attempts>
        <time_limit>120</time_limit>
        <show_report>errors</show_report>
        <immediate_response_when_correct>1</immediate_response_when_correct>
        <immediate_response_when_wrong>1</immediate_response_when_wrong>
      </config>
      <testsection id="BBT-37-30288" objective_id="BBT.37.30288" type="">
        <title>Основной раздел</title>
        <testquestion id="BBT-3-41498" type="">
          <title><![CDATA[Что из приведенного верно относительно числа Пи?]]></title>
          <answer>1) Соотношение между диаметром и длиной окружности</answer>
          <answer>2) Обозначается греческой буквой П</answer>
          <answer>3) Является целым положительным числом</answer>
          <mask>0</mask>
        </testquestion>
        <testquestion id="BBT-3-41499" type="">
          <title><![CDATA[Число Пи равняется]]></title>
          <answer>1) 3,1415926535897932384626433832795</answer>
          <answer>2) 6,022 140 857(74)·1023</answer>
          <answer>3) 2,7182818284590452353602874713527</answer>
          <mask>0</mask>
        </testquestion>
        <testquestion id="BBT-3-41501" type="" addon_href="slides\q41501.html">
          <title><![CDATA[Сопоставьте значения константам]]></title>
          <answer>1) Число Пи--&gt; 3.14</answer>
          <answer>2) Число E--&gt;2,7182818284590452353602874713527</answer>
          <answer>3) Число Авогадро--&gt;6,022 141 29(27)·10&lt;sup&gt;23&lt;/sup&gt;</answer>
          <answer>4) Число Фи (золотое сечение)--&gt;1.6180339887498948482</answer>
          <mask>-1</mask>
        </testquestion>
        <testquestion id="BBT-3-41505" type="">
          <title><![CDATA[Первые знаки числа Пи]]></title>
          <answer>1) 1</answer>
          <answer>2) 4</answer>
          <answer>3) . (десятичная точка)</answer>
          <answer>4) 3</answer>
          <mask>-1</mask>
        </testquestion>
      </testsection>
    </content>
  </section>
</module>
